USE roman_oprysk_test;


DROP TABLE IF EXISTS save_on_top;
DROP TABLE IF EXISTS initialization;
DROP TABLE IF EXISTS security;
DROP TABLE IF EXISTS story;
DROP TABLE IF EXISTS user;




CREATE TABLE  user (
                       id INT NOT NULL AUTO_INCREMENT PRIMARY KEY,
                       name VARCHAR(45),
                       birth_date INT,
                       followers INT,
                       followings INT,
                       posts INT
) ENGINE = INNODB;






CREATE TABLE  story (
                        id INT NOT NULL AUTO_INCREMENT ,
                        bloger VARCHAR(45),
                        link VARCHAR(45),
                        add_time INT,
                        content VARCHAR(45),
                        like_number INT,
                        share_number INT,
                        user_id INT NOT NULL,
                        PRIMARY KEY(id, user_id)
) ENGINE = INNODB;


CREATE TABLE  security (
                           id INT NOT NULL AUTO_INCREMENT,
                           password VARCHAR(30),
                           user_id INT NOT NULL,
                           PRIMARY KEY(id, user_id)
) ENGINE = INNODB;





CREATE TABLE initialization (
                                id INT NOT NULL AUTO_INCREMENT,
                                login VARCHAR(45),
                                user_id INT NOT NULL,
                                PRIMARY KEY(id, user_id)
) ENGINE = INNODB;

CREATE INDEX `initialization_user1_idx` ON `roman_oprysk_test`.`initialization` (`user_id` ASC) VISIBLE;




CREATE TABLE  save_on_top (
                              id INT NOT NULL AUTO_INCREMENT,
                              position INT,
                              status VARCHAR(45),
                              story_id INT NOT NULL,
                              PRIMARY KEY(id, story_id)
) ENGINE = INNODB;
CREATE INDEX `save_on_top_story` ON `roman_oprysk_test`.`save_on_top` (`story_id` ASC) VISIBLE;

























ALTER TABLE security

    ADD CONSTRAINT security_user1
        FOREIGN KEY (user_id)
            REFERENCES user (id);




ALTER TABLE initialization

    ADD CONSTRAINT initialization_user1
        FOREIGN KEY (user_id)
            REFERENCES user (id);




ALTER TABLE save_on_top

    ADD CONSTRAINT save_on_top_story1
        FOREIGN KEY (story_id)
            REFERENCES story (id);


ALTER TABLE story

    ADD CONSTRAINT story_user1
        FOREIGN KEY (user_id)
            REFERENCES user (id);








INSERT INTO `user` (id, name, birth_date, followers, followings, posts) VALUES
(1, 'Nazar',20,34, 34, 3),
(2, 'Luda',20, 45, 60, 10),
(3, 'Anna',20, 100, 56, 4),
(4, 'Danilo',20,37, 6,7),
(5, 'Roman', 20,1000, 54, 8),
(6, 'Vika', 20,34, 34, 3),
(7, 'Julia',20, 45, 60, 10),
(8, 'Max',20, 100, 56, 4),
(9, 'Yaryna',20,  37, 6,7),
(10, 'Andrii', 20,1000, 54, 8);


INSERT INTO `story` (id, bloger, link, add_time, content, like_number, share_number, user_id) VALUES
(1, 'Nazar', 'aarg',34,'video', 4, 2, 4),
(2, 'Luda','agaejnjgn', 45,'photo', 12, 3, 4),
(3, 'Anna','jadkada', 100,'photo', 23, 4, 4),
(4, 'Danilo','fereger',  37, 'video', 25, 1, 4),
(5, 'Roman', 'addadwd',1000,'video', 56, 23, 4),
(6, 'Vika', 'wgee5tr',34,'video',35,65, 4),
(7, 'Julia','hhtdns', 45,'video',11,13, 4),
(8, 'Max','spkgskrmgsrl', 100,'video', 23, 3, 4),
(9, 'Yaryna','srrgmgrks',  37,'video',13,42, 4),
(10, 'Andrii', 'sdfkaeioenf',1000,'video', 56, 2, 4);










INSERT INTO `security` (id, password, user_id) VALUES
(1, 'deadpool2001', 1),
(2, 'nazar2001', 2),
(3,  'giganter2000', 3),
(4,  'nimbus3000',  4),
(5, 'romanroman', 5),
(6,'enderman',  6),
(7, 'DeAdPoOl2001', 7),
(8, 'gigante3',  8),
(9, 'max4nik', 9),
(10, 'nazar4ik', 10);




INSERT INTO `initialization` (id, login, user_id) VALUES
(1, 'Nazar', 3),
(2,'Luda', 10),
(3, 'Anna', 4),
(4,  'Roman',7),
(5,  'Danilo', 8),
(6,'Vika', 3),
(7,  'Julia', 10),
(8, 'Max',  4),
(9,  'Yaryna', 7),
(10,  'Andrii', 8);






INSERT INTO `save_on_top` (id, position, status, story_id) VALUES
(1, 25,'seen', 1),
(2, 34, 'close friends', 2),
(3, 54, 'recomandation', 3),
(4, 34,  'close friends',  4),
(5, 33,'seen', 5),
(6,12,'seen',  6),
(7, 10,'recomandation', 7),
(8, 9,'seen',  8),
(9, 39,'recomandation', 9),
(10,  10,'recomandation', 10);


